"","TN","TP","Algae","Cyanobacteria","Rotifer","Cladocera","Copepod"
"TN",0,0.423222716288582,0,0,0,0,0.134495067557815
"TP",0.423222716288582,0,0,0,0,0,0
"Algae",0,0,0,0.415356717144554,0.160552993886705,0.146570108721753,0.480365488966607
"Cyanobacteria",0,0,0.415356717144554,0,0.139300088089959,0.164388133114064,0
"Rotifer",0,0,0.160552993886705,0.139300088089959,0,0,0
"Cladocera",0,0,0.146570108721753,0.164388133114064,0,0,0
"Copepod",0.134495067557815,0,0.480365488966607,0,0,0,0
