"","TN","TP","Algae","Cyanobacteria","Rotifer","Cladocera","Copepod"
"TN",0,0,0.065410260103369,0.085620617034391,0,0,0.10117021839403
"TP",0,0,0,0,0,0,0
"Algae",0.065410260103369,0,0,0.121331249550192,0.197263850030605,0,0.0881804694957794
"Cyanobacteria",0.085620617034391,0,0.121331249550192,0,0,0,0
"Rotifer",0,0,0.197263850030605,0,0,0.0606727292728601,0
"Cladocera",0,0,0,0,0.0606727292728601,0,0
"Copepod",0.10117021839403,0,0.0881804694957794,0,0,0,0
