"","TN","TP","Algae","Cyanobacteria","Rotifer","Cladocera","Copepod"
"TN",0,0.345504674087171,0,0,0.127083044772559,0.141155987794324,0
"TP",0.345504674087171,0,0.153504033675383,0.122111987384568,0,0,0
"Algae",0,0.153504033675383,0,0.179385052180594,0.204516016638649,0,0
"Cyanobacteria",0,0.122111987384568,0.179385052180594,0,0,0,0
"Rotifer",0.127083044772559,0,0.204516016638649,0,0,0.0988089265068285,0
"Cladocera",0.141155987794324,0,0,0,0.0988089265068285,0,0
"Copepod",0,0,0,0,0,0,0
