"","TN","TP","Algae","Cyanobacteria","Rotifer","Cladocera","Copepod"
"TN",0,0,0,0,0,0,0
"TP",0,0,0.21019427965782,0.101160476072247,0,0,0
"Algae",0,0.21019427965782,0,0.289446666053859,0.100388274572809,0,0
"Cyanobacteria",0,0.101160476072247,0.289446666053859,0,0.121166159678479,0,0
"Rotifer",0,0,0.100388274572809,0.121166159678479,0,0.216417099864608,0.189428048813966
"Cladocera",0,0,0,0,0.216417099864608,0,0.107033147799922
"Copepod",0,0,0,0,0.189428048813966,0.107033147799922,0
